purchase_id,purchase_type
0c16ed33,New
8530bd7b,Upgrade
1697a9d8,Upgrade
5439a130,Upgrade
c57c369b,Upgrade
d9d57db0,New
3d8ff616,Renewal
39044c72,Upgrade
b0a4aaeb,Upgrade
a5debeaf,Renewal
eb0cf98e,New
32d05034,Renewal
dbb8e4fb,New
a7926ba6,New
16f91258,Upgrade
da7edf52,New
7545f0e1,Renewal
b56a3244,Upgrade
3d03354a,Renewal
0a87a017,New
3891ca7c,Upgrade
975c1208,New
f58acb5d,
317ad2df,Upgrade
36d272dd,
08f868aa,New
ed741d15,New
cab124c9,New
5c96a04a,Upgrade
9be71fd1,New
d121d9a9,Renewal
5c0b3b00,
f5924da9,New
439b6818,New
eb63ac37,New
17e66471,Upgrade
db9f21d1,New
e394cf5b,Renewal
9d933930,New
80611820,New
02c9502f,New
f4c0e4cb,New
d662a999,New
870f1362,Upgrade
8d9e986f,New
5f907533,
b195d58e,New
725e6a2e,Renewal
f4c5308a,Upgrade
95783ee5,New
36d6e143,New
fa6e5843,Upgrade
3c27ab05,Upgrade
961af875,Upgrade
b36f7351,New
e2411cb9,New
2cba1597,
4dd3d52c,New
6eec9e9e,
114613bc,New
eb3523d7,New
f50b78bc,New
198057cf,New
3060f4c5,New
e94f7b0a,New
aa9ff703,Upgrade
1490e16c,New
5397e282,New
6ad12b79,New
eda108ed,Upgrade
202ba843,New
22e980f3,Upgrade
787d3209,New
8e9db151,New
ba00f6c0,New
298cd35c,Upgrade
c63276f6,Upgrade
b7e80837,New
3c345679,New
fc001ff0,New
d95e41e0,Upgrade
681f8d85,Upgrade
bedd2e83,New
eb14fb7e,New
45c59669,Upgrade
1f6461dd,Upgrade
95c4a486,Renewal
10a42093,Renewal
8521c62d,New
4449b6d4,Upgrade
a9e0fc2b,New
2edf4d13,New
d70ccf27,Upgrade
716b997e,Upgrade
b977aa3f,Upgrade
628ddda0,Upgrade
87deac2f,Renewal
49d8c9c9,New
ed2a6102,Renewal
c0f46b44,Upgrade
08349dc2,New
eae61a51,New
a411c262,Upgrade
50431029,Upgrade
9ddd5516,New
15e77cdb,Upgrade
c3cc734b,Upgrade
3b323626,Renewal
b92bff80,Renewal
41e6560e,New
0142dbb1,Upgrade
87b9df52,Upgrade
464e1ad5,Upgrade
c5343306,Renewal
5ca9a5ae,Upgrade
40a0a3d6,New
bff7d1f1,Upgrade
be1507ac,New
ad0d4218,New
58957a04,New
c9137d41,Upgrade
5936eea3,New
93d754b0,New
d455be42,Upgrade
7894e78f,New
228111c2,Renewal
b0146258,Upgrade
254f19bb,Upgrade
3d3ba897,New
523e0d1e,New
f03a6820,Upgrade
db20d06c,Renewal
c4e09c4f,New
81a849b8,New
342bc90d,New
38cd1dee,New
95f78f3c,Upgrade
aec392e4,Renewal
53d119a3,Upgrade
aebdf17b,Upgrade
3def8cad,New
783b08ac,New
5aa78348,Upgrade
5380882f,Upgrade
7c198f14,New
73315e87,Upgrade
aef23ffc,New
594dea63,Upgrade
16d02d3e,Upgrade
162de42e,New
72503164,New
cb0681a3,New
2326b8aa,New
b8e59083,New
e87e10fb,
2f9c8672,Renewal
c1d8b691,Upgrade
623c4168,Renewal
4a70daba,Renewal
520b58d4,Upgrade
bca5793d,Upgrade
dc19e894,Upgrade
e1a4b9f3,Renewal
1dc1bce8,Upgrade
f1ead6b5,Renewal
1373873a,Upgrade
86df61b9,New
297270cb,New
c270fed9,New
354b775a,Upgrade
5e3fed33,New
7bac553d,Upgrade
a65418b1,Upgrade
4d9146bf,New
6d8bee68,New
d3b8ea62,Upgrade
3c0adf13,Upgrade
c9c8d336,New
f3434fa2,Renewal
0e1d9650,New
705e9c8d,Upgrade
630b0218,Upgrade
dffe9132,Renewal
ef616a32,Upgrade
5d8376bb,New
5781329e,New
be4c02cc,New
b7a6f463,
a088b288,New
ebcfd3bb,Renewal
e85c4f5e,Upgrade
c2d94fe0,New
5af39e53,Renewal
d1df949f,
dcdb12a9,New
e8055092,New
7bc81e24,Upgrade
62061d93,Renewal
9f92329c,New
6797ad33,Upgrade
faa1dd4e,Upgrade
617a09fc,New
594e9f34,Upgrade
ffd8d213,Renewal
9b66522a,Renewal
c8e9a95b,New
28314bb4,Upgrade
f53dff10,Renewal
ad9daa5c,
988c610a,New
9559a162,
d3b92c1a,New
2f5ebee5,New
168d3c8e,Upgrade
95bea964,New
3e29a15e,New
29ceba14,New
075b7029,Upgrade
9c731862,Renewal
887d5e3b,
a8593537,Renewal
366dec70,New
038e542b,New
b95b9eac,New
40e705d4,New
1d6f84d1,Upgrade
69c8b158,Upgrade
c6785ea4,New
61afc60f,New
ce56db22,New
c24af351,
add4dd9f,Upgrade
3fe98e06,New
393f7400,Upgrade
72872d16,Upgrade
ee8be887,
119abca2,New
3ed9ce51,New
3683f226,New
f9422767,Upgrade
e3eff3ec,New
d85a05a7,
6bff56d6,New
f4130d34,
7ce940ed,Upgrade
1e4d53ec,Upgrade
deb7ff1e,Upgrade
5e8c7514,New
ec880905,Upgrade
71a2ba40,New
d03446b2,Renewal
f551aca2,New
656ed78e,
1af10b75,
aacea1fd,
34faa038,New
26b92d76,
05c17022,
1c2337a9,Renewal
8832b69b,New
8b59be35,New
0b4cbce1,Renewal
a9ebfb6e,Renewal
0f5b5ee5,New
c517a2ad,New
7692bdd2,Upgrade
d6affac3,Upgrade
d01faadf,
11e7843e,New
dab5a14c,Upgrade
06031aa8,Upgrade
949861cc,
3a6cd798,Upgrade
3f2c1c22,Upgrade
a37c1f49,New
e10a7aa9,Upgrade
bc4851fc,New
6f7cfd95,Upgrade
78dbdbe9,Upgrade
c8bf22d4,New
cd855b89,New
f4b013cb,Upgrade
74610631,Renewal
2718423e,
94afe8fd,New
c4de691a,New
3bac6eef,New
f597df6f,Upgrade
bd70f792,Upgrade
3b0db987,Renewal
e6ae3453,Renewal
47e1e0b0,Renewal
c87214ad,Upgrade
1ced4175,Renewal
a9b2ddec,New
44b55115,Renewal
826bc6e1,Upgrade
83ab972c,New
5c651891,Upgrade
73d38a8a,Upgrade
0f3c25b1,New
75ad39d8,
3b468560,Renewal
e326a760,Upgrade
c82c9f98,New
c1cedee7,Upgrade
a35cb872,
a8ba354f,Upgrade
2dc6265d,New
715ba6e4,Renewal
e9006ae4,
c9f4032b,New
e33dba32,Renewal
5365243f,Renewal
d507f62f,Upgrade
7e89e0d8,Upgrade
28a3f543,Renewal
a20bd476,Upgrade
f4c62131,New
973e1431,Upgrade
a33d4ef7,New
f5fe3c04,New
00d64dee,Renewal
505ed8e1,Upgrade
43dc6ea7,New
2c8bd9e5,Renewal
a7a442bf,Renewal
8c5d0278,
823b41c5,Upgrade
8247bec1,New
c20749c7,New
fac3cd73,New
6b5614ab,
8cb5d1de,Renewal
1d0ff763,New
ddc8a3e5,Renewal
8f7ec553,New
b79c5678,Renewal
09a00647,Upgrade
3843dcff,Upgrade
86fc31c4,New
d146e82d,Renewal
f535d88e,Renewal
2ec4ae69,Upgrade
090b7b25,New
ad12a048,Upgrade
35b3935f,Upgrade
f694196c,Upgrade
c11fb696,Upgrade
fb5490d4,New
27887b76,Renewal
1ede6144,Renewal
52d3786d,New
3a7371fa,New
16b3c5e8,
06dffe3f,Renewal
cda2a850,New
9b24eb33,Upgrade
f0d6bd4a,Upgrade
e7e56478,New
5dba68d9,New
71faee4a,Upgrade
49d36484,New
39ead809,Upgrade
5f12f152,New
08fdbda4,Renewal
ee9786bc,Upgrade
008763e6,Upgrade
28d8ff88,Upgrade
1c9169d0,Upgrade
d295ad47,New
1e28c81f,New
8b2443c1,Upgrade
a8e46402,Renewal
30c0c990,Upgrade
1c4f8853,Upgrade
14f9cce2,Renewal
9bf82fd7,New
2cc309a8,Upgrade
bd42a4b4,Upgrade
1921ce6f,New
17a44853,New
5bcdcbb6,New
bf216beb,New
57b90c58,Upgrade
ba763e4e,Renewal
8d70f434,New
87e485b2,
27912811,Renewal
3cd963d7,New
a20c2a71,Upgrade
086c741d,
ac42802c,New
131f1586,New
8fe447d7,Upgrade
391551a4,Upgrade
f8c25c7e,Upgrade
ee1ae614,New
eb58701f,Upgrade
d90d1adb,Renewal
24f26154,Upgrade
aa28fd4c,New
339aad7b,Upgrade
938a4111,Renewal
a5232fe6,New
72b5f597,Upgrade
fc563e15,Upgrade
a05aa6e4,Upgrade
090e69a9,New
771c6b15,New
1fcea845,New
8ef7c402,New
e3cb4188,New
07fd9adb,New
130e1440,
e6cfd452,New
67122ea4,Upgrade
6fbde174,Upgrade
01ddffeb,New
3a540189,New
bb4188ef,New
957de638,New
ded774d0,New
ff20d047,Renewal
ee70650c,New
1fcded95,New
87964663,New
94489036,Renewal
e14a0ec3,New
61a72d83,Upgrade
3368657f,Upgrade
ed945b0e,New
b3b28de9,Upgrade
0a430174,Upgrade
13f244f5,Upgrade
44cb5edf,Renewal
30ed19eb,New
00147657,Renewal
914f3932,Renewal
f7100e9b,New
aa11c657,New
cb7d00f2,Upgrade
c023f654,Upgrade
5e734866,Upgrade
97a2e1ef,Upgrade
ed67bcad,New
f2dbc9cc,Upgrade
cc1167e1,New
db0454ed,Upgrade
b61045f7,Renewal
fc2ea88e,New
5f4c831b,New
5d728897,New
f6b327fb,Upgrade
5d914ae6,New
3d108379,New
7b789bc6,New
53f36e1a,Upgrade
cd4a70e8,New
a0fb17d7,Renewal
0a3c54a8,New
3541349a,Upgrade
d2590050,New
2af57ad7,New
7bb576ca,New
4aec54b4,New
59dbb36a,
2c5fd331,New
9f58e541,New
d08b882d,
1132f10e,New
15c6f909,New
c55814cd,Renewal
23e26380,New
ebef0942,New
dd7d2c65,New
8a10eca4,
2e5af520,Renewal
80b4c356,Upgrade
07dd1087,New
fe3d15c0,New
91c969be,New
e2acb58b,Upgrade
6894f2ac,New
b31c9000,Upgrade
fa1ee8cf,New
6268af8d,New
c437be31,New
da5f6683,New
50a984a8,New
4be72e87,New
aed25a4f,Upgrade
7d2935b6,Renewal
ffdd21df,
9414900e,New
7f509abc,Upgrade
d2a54ef0,New
104fffea,Upgrade
3d16fbbf,New
0deebaee,Upgrade
6aacbb68,New
ccf1359d,Upgrade
f64e772e,
e65986f9,New
d29a7f9d,New
4a58b41d,New
793632d7,New
49b1546d,New
122f7275,Upgrade
bb8057cb,Upgrade
afaaef55,Upgrade
b5ee4716,Renewal
eb3e7a2e,Upgrade
bccab47c,Upgrade
d3ce556f,New
aee94c2f,New
238daebf,New
8f1b5423,Renewal
dedc2d10,New
afa0d005,Upgrade
306a0381,New
69b0737a,Renewal
d545b587,Upgrade
978e5aff,Upgrade
98fb0bae,New
4ae6f060,Upgrade
7a16ea5d,Upgrade
ffabca32,New
6df92e14,Upgrade
7a116d86,Upgrade
f3ff25ce,Upgrade
6f9e7541,New
29a3de20,New
fec0da36,Upgrade
793f467d,Upgrade
d1a1d36c,Upgrade
8493a922,Renewal
538b240c,New
f95b1ed8,New
94afa88b,New
2958a34c,
01020a88,New
6baaf30f,Upgrade
d3c9fb57,Upgrade
9308dc64,New
be3a62ca,Upgrade
0427e6aa,New
de1233ce,New
e6cc5307,Renewal
01f961fb,Upgrade
ebb218a4,New
6685814a,Renewal
c7fe9170,New
31af457c,New
7c16f583,Upgrade
ec1f96cf,Renewal
8a4aa8f7,Upgrade
e45bc7a7,Renewal
6a759998,New
6c5223ba,New
f11274be,Upgrade
e74ccd8a,New
eda10289,New
4f593de9,New
a4097ee0,Upgrade
c0710b1d,New
54361491,Upgrade
f167f316,New
8a474105,New
68769f9c,Upgrade
67e5b073,Upgrade
ed92c65f,New
2b65ba74,
b3970bf0,Upgrade
bacea7b1,Upgrade
7fe16cc6,Renewal
bcc1e3db,New
e8e0836d,Upgrade
251794eb,New
17e3d322,
864fd6b0,Upgrade
42809b94,New
f3394ba2,Renewal
c9e9deb8,New
2186793b,New
5007d47e,New
d0a8b6a8,Renewal
47375273,
8b023178,Upgrade
d600a877,New
02246f33,New
bbf1e5bf,Upgrade
f99d6e51,Upgrade
cd0440f6,New
fc248f49,New
26774f83,Renewal
41ad85ef,Upgrade
4b5386da,Renewal
08167c2b,New
1b486613,Renewal
bfcfed7e,Renewal
dfad9f0b,Renewal
e7bbc9e0,New
70175233,New
09d3ab58,New
2b0ac35b,New
f88931e6,New
a18e6715,New
132776ae,New
90306fa8,Renewal
f1d40a79,New
f27989b1,Upgrade
32478ef4,Upgrade
3cc3ce5e,Renewal
81ee8edb,New
3d46e0f3,Upgrade
26640543,New
583a6f47,Upgrade
ff80f473,Upgrade
e03c9025,Upgrade
3633c0ab,New
fef96640,Upgrade
52ad85da,New
fa8dfcc9,New
e4ce4c40,Upgrade
28dca167,New
12004b60,Upgrade
19351eac,Renewal
4eb74d19,New
f0a433ff,New
06f493df,New
89e74f2a,New
f1cf9f8a,Upgrade
8ff2874f,New
1fd972fd,New
cd75598a,New
1147babb,Upgrade
38e0e2e3,New
d388188a,New
d93ff74b,
e91e6fc5,Upgrade
17c511f0,Upgrade
291c4ca1,New
b1764aa5,New
7a43559e,Upgrade
7e79c3c4,Upgrade
14e9b798,New
aea989a2,Upgrade
b793bd98,Upgrade
cd376858,Upgrade
31bd1c03,Upgrade
c16f56a3,New
8bd3ef8a,New
fe0c30f6,Renewal
b93709a9,New
22537fcf,Renewal
e9ce12f1,New
3cbe6c27,Renewal
1a5dbcca,Renewal
941a910e,New
129e0506,New
576d66fa,
de35a462,New
2a41f1b3,New
9f4ffa84,New
b03ae187,Renewal
88d43f80,Renewal
f0b17d95,Upgrade
b25361ec,Renewal
ce30fd53,New
e5e7f282,New
3c766edd,Upgrade
e133c797,New
6d032673,Upgrade
9bc47831,Upgrade
378b8438,New
55eeefdc,New
7e0980da,Renewal
41a5a9f2,New
b9c16699,New
ed5f83ee,Upgrade
58b8dbef,Renewal
7a137a98,New
186d9fff,Upgrade
1803d706,New
1b403529,
705e0ac0,Renewal
a1772242,
dc3b80c5,New
c745f0b3,New
af6f4b69,New
d067f4cb,Upgrade
5198ee82,Upgrade
1c254f0a,New
6e59270a,New
4c17c87b,Upgrade
8acbafe6,New
0b15ed30,New
3f05abec,New
a47e44c2,New
c612449b,Renewal
5c76b446,New
54ff588f,Upgrade
ed7b620e,
443431f7,New
da02fc68,
ba94e818,Upgrade
d8126ed7,Renewal
fd855f4e,New
c27816fe,Upgrade
31af5708,Upgrade
63518fe2,Upgrade
4b3c1670,Upgrade
c00e5eec,Upgrade
4ab780c0,Upgrade
7abc841a,Upgrade
c6944876,New
48478fca,Renewal
c20357f8,New
c1363016,New
a1ccbfd1,New
9b800d6e,New
7debd9d4,New
b4be9db9,Upgrade
f1207841,Upgrade
fd85987a,New
754c1232,Upgrade
2cdb721d,New
4443fce7,New
247c2e86,New
b756ea5b,Renewal
f6e97816,New
fffd147f,Upgrade
20de43c1,New
5a7f4c91,Upgrade
d87ad7df,New
820e475d,Upgrade
31a16a12,Upgrade
dae6370e,Upgrade
eef2219f,Renewal
71605e87,Upgrade
600f87a2,Upgrade
d8ab6791,Upgrade
a319b0d4,New
ca1e4ba3,New
99c3577b,New
8896534e,New
0019a62d,Renewal
599f5fba,Upgrade
9dc6d0ab,New
567bd6c1,Renewal
22267e6f,Upgrade
f39c613a,New
904b3099,
28589a3e,Renewal
e7aa04cc,Upgrade
435366d7,New
6a620ee5,
9fb4959c,Upgrade
e3766aca,New
c0ea0e36,Upgrade
728cb738,Upgrade
43834046,Renewal
dd14b39b,Upgrade
1e3dde6d,
11ef8324,New
06a3491b,Upgrade
0a171789,Renewal
19ba6e37,Upgrade
9cee85ea,New
dc989a04,New
d6114ebf,New
2f21e32c,New
59f7c77a,Upgrade
785ccb78,Renewal
46a7f338,New
259a361b,New
5be16323,New
ae0b895a,New
03c4184e,Renewal
e59e23ba,Renewal
11e4b1f5,Upgrade
ed70c365,Upgrade
815a8953,
2c106d96,New
c619dc4f,Upgrade
5569f70e,Renewal
47e4613d,New
62556cb6,Upgrade
5fdfd425,Upgrade
f65ef965,Upgrade
18b0df50,New
eb468356,New
6774b03b,Renewal
f9b13a4d,New
81b216e3,Upgrade
06dbf71e,New
0d36177e,
f88f8fa8,New
fc4e7c18,Renewal
8f129451,New
a8f156b2,Upgrade
6f7d594c,Upgrade
4c1a0210,New
83b82f4c,New
7c7052a1,New
44c659f3,
5ce05eb7,Renewal
c2465490,Upgrade
7f9421cd,Renewal
9b686343,Upgrade
ae792790,New
a248aee7,Upgrade
28b586ff,Renewal
30b35d3d,Upgrade
363871ee,New
f10b989f,Renewal
f4305d49,Upgrade
36789c59,Upgrade
106a02cd,New
27c258a4,New
0e5f6bfc,New
049d5918,New
c22611c5,
3c7c2498,Upgrade
0318f22d,Upgrade
4b8ace4d,New
bb69dfbf,
d24247b5,Renewal
898939f1,New
acb3b962,New
08d012e3,New
579218d1,New
0e5cdf7e,Upgrade
c09383c1,New
f0f76a32,Renewal
00b97a8e,New
9fc72c8e,New
d5db2c47,New
766eab3a,Upgrade
05846943,New
226ebf08,New
4a081c14,Upgrade
b770c926,New
d92f6cb6,Upgrade
97bb0803,Renewal
05b6a01d,New
6475d5d8,Upgrade
65f3e184,Renewal
a826ce5a,Renewal
079366c3,Upgrade
5ae15485,New
b913fa17,New
394e0056,New
4c2ab7cb,New
b62ae3bf,New
766e1a39,Upgrade
29cfed49,New
0e7fa53a,Upgrade
4fdb254c,Upgrade
8a0ba5df,
13be1731,Renewal
861bda5f,Upgrade
73c47257,New
f617cd58,
9950f7c9,
8d37406c,New
4eebd989,New
1c77e428,Upgrade
26aacedb,Upgrade
98702e61,
fa411e01,Renewal
65291429,Renewal
ac7c4857,Upgrade
9e3ba580,New
9725bdc3,New
d1267bbe,Renewal
ab5b8411,Renewal
eee4a6c3,New
478128e4,New
2cd6ca30,New
0627d653,Renewal
f50acaed,Upgrade
9cbe228e,Upgrade
d031dcec,Upgrade
7a50cb56,Upgrade
a99d01aa,Upgrade
d3a5c42d,New
d80dff4b,New
4dd9e688,Upgrade
61c8f0b7,New
627408e4,Upgrade
2c83b4dd,New
aa539470,New
9f159af5,Renewal
3a7be54d,
e5146d3a,
fc7e5841,New
c4bbbdc9,
b3334f43,New
8e329fcd,Renewal
bb724cf8,New
4af6e21e,Upgrade
7e3d704c,New
03d5d3c7,Upgrade
5e78070a,Renewal
dca7b96c,New
97539061,New
e5faf13f,New
7bfb9212,New
9489a7f4,Upgrade
f6d01a0c,Upgrade
27cd3a5d,Upgrade
a07f37fa,New
30f59e7c,New
5e599960,
c84d7174,New
6723c49d,New
6b08e120,New
132e125e,Renewal
f4851a84,Renewal
fdca7d22,New
9d13fefb,Upgrade
f6d37eef,New
0444ad2e,Upgrade
8ad8c570,Renewal
8059349d,Upgrade
6a25a687,
ddb5bd70,New
d2031ec4,Upgrade
1bbd39c0,New
1f01f137,Upgrade
114583ae,Renewal
1a9a6f3d,Upgrade
13bccffa,Upgrade
887847d7,New
788e320e,New
4888614f,Upgrade
ab184d9d,New
42d6f7c3,New
0da6b1b9,New
1947df02,Upgrade
992aa9da,Renewal
88cfdfdc,Upgrade
f0942d05,Upgrade
bf14ac86,
aaeae52a,New
bb53b012,Upgrade
0ffa2e82,Upgrade
136831e5,Upgrade
f10c7632,New
243fe876,New
18bd6e09,Upgrade
8a1390ab,Renewal
15ea654f,Upgrade
684f5e65,New
fe868c7e,Upgrade
90eeea97,New
84251e2b,Upgrade
ef6c64af,Upgrade
805cc377,Upgrade
48995ca4,Upgrade
45cdb375,Upgrade
91a399e0,
7beb71bc,Upgrade
489c935f,Renewal
e469bce6,New
cfccfc5a,New
ecce4dfa,New
f80481d0,Upgrade
01bf08c5,New
e838baf2,New
b8e678e3,New
7e5ae4f4,New
da7922f6,New
023a0e8d,Upgrade
c55948b8,New
bf9c1972,
1f837d8c,Upgrade
1ff5ef92,New
df6ef974,
b88c378f,New
9572b3b0,Upgrade
18028d87,Renewal
0bab0f97,Upgrade
350528c2,New
24730c6f,Renewal
ea2e872a,New
7e2996dc,New
28a957b7,New
ab10e2a3,New
4aaf906d,Renewal
d3589430,Upgrade
1f357b4e,New
99927fc1,New
46d399af,Upgrade
ada0e0a7,Upgrade
d99830d7,Upgrade
65ade24d,New
2fb304b0,Renewal
e331ae10,New
1ceddb1c,New
4f37de79,New
c37b253c,Upgrade
e3072327,New
30d158ee,
2261c015,Renewal
aa208d2d,New
0290d1f8,Renewal
6ac869fd,Renewal
4e76da2a,
ae3b9f0a,New
18fad7e6,New
d8db9dee,New
75ccc98c,New
08b64645,New
2247c161,New
66f9cf19,Upgrade
629b3e23,New
3aacd651,Renewal
6ac2d364,Upgrade
dd76def8,Renewal
7e2f80c5,New
bcecfd6f,New
eec37973,New
05cd3468,Renewal
cc64b412,Renewal
d2fb0575,Renewal
cc7e099e,Upgrade
cca610d0,Upgrade
a283a244,Upgrade
45dfb6f8,Renewal
36c50581,New
4dfdc5a6,Renewal
de74f7de,Upgrade
6e15d283,Upgrade
09783017,New
7d5ea52f,New
a62a7d11,New
3fc51998,New
df02f065,Upgrade
35204485,
a18c8f80,New
d6887632,New
1f7dd22d,Renewal
1608536a,Upgrade
55935bbe,Upgrade
2ec3e9ba,
c6161554,Upgrade
b4483f70,
b6da3439,New
e076b2d1,New
40cd05dd,Upgrade
43a27f70,New
30298310,Upgrade
783838d9,New
7ebe2e45,Upgrade
fe1387a8,New
b5575e30,Upgrade
82974466,New
dc6cbdbc,Upgrade
76603926,Renewal
4b1a4dca,New
5963cd8f,New
4737f1d3,New
edc5d06c,Renewal
ff06d085,Upgrade
51efe85f,Upgrade
666f971d,Upgrade
3c30ae50,New
cb009aa9,Renewal
33fce733,New
a2a6bed6,New
6ab08110,Renewal
009f4b77,Upgrade
132a08cd,Upgrade
8eec04db,New
2b9df674,New
d524f556,Upgrade
d86f7ab9,New
1bc547dd,Renewal
aac7fd9e,Upgrade
1c04f99e,New
376e6141,Upgrade
e89cc0fd,Upgrade
89198d38,New
917d58f0,Renewal
52410920,Upgrade
e495b726,Upgrade
ca044e59,New
4046fcb5,New
9b9baee9,Renewal
6d46081a,Upgrade
d8355a1f,
9292f3ab,Renewal
52ed8d90,New
0f15eab9,Renewal
8e7a8667,New
8fc8048a,Renewal
79c9cd5a,New
08b4d877,New
7e665170,New
10031620,New
a75f2f01,Upgrade
bde6c123,Renewal
97d20711,New
464a480b,
98d34192,Upgrade
f7bf0745,Renewal
55702570,New
fac80964,Upgrade
35111284,Upgrade
fcc70dbc,New
0c009e0e,Upgrade
9d1701f8,New
f3c0a8f6,New
731a0769,New
e3705c12,Renewal
042c81bb,New
76ce4f22,Upgrade
1446f78a,Renewal
10f4fcb4,New
7b1d3b6e,New
eab6fd62,Upgrade
e40ffa03,New
8e72c074,New
145a9bc2,New
54cb611d,New
5c3eefbb,New
a6ee15ae,Renewal
0fc236bb,New
e9ace0e1,Renewal
a100e9b9,New
07c5354a,New
29b6a476,Upgrade
684c58ba,Upgrade
cea7a15c,Upgrade
063aa699,Upgrade
0bc57031,Upgrade
cb547e9b,Renewal
be8e450d,New
32ed82d5,
a02faf5b,New
7b1afd6c,New
65da27a0,Renewal
81cef6a0,Upgrade
2bbf2c5d,Upgrade
3d334493,Upgrade
a6052f52,Upgrade
07c68953,Upgrade
515f7a36,Upgrade
9ace143b,Upgrade
05d1e0ba,Renewal
3b938b2d,Upgrade
dc6a36f7,New
a1dbc5af,Upgrade
5fd09f3e,Upgrade
31016dfa,Renewal
503c56c0,Upgrade
80aa0fb8,Upgrade
dc3e1d88,New
8707300a,New
f0148672,Upgrade
61634854,New
efd76fa0,Renewal
7be7daa8,New
bc5b8dee,New
ccec3f45,Upgrade
7f7018a6,Upgrade
bb484e9a,Upgrade
256c6260,Renewal
12889f4c,Upgrade
d6bd7863,New
4f6823f4,
619e2f11,Upgrade
fe5ef1ec,Upgrade
2904acc3,Upgrade
d7729e7a,Renewal
a851fac7,Upgrade
f49aa0c7,Renewal
598408e0,New
a44c8689,New
40051fed,Renewal
c082bfc1,New
f75e27d0,Upgrade
1ef30a89,
6a464794,New
ec16d849,Upgrade
388d2c64,Upgrade
caf1ce4a,New
03c0f89a,New
9590ae00,Renewal
6e0bbf39,
84084a97,New
953ab796,Upgrade
9ce3f85f,New
b726d4d1,New
9e3e12c6,New
0366f077,Upgrade
9bbbc164,Upgrade
bcd1ea2d,Upgrade
84a50f31,
ed50bf87,Renewal
f2179708,New
b22fc8ec,Upgrade
7cd32a2b,New
031270a1,Upgrade
f8542d2c,New
2c55cdae,Upgrade
e4a5125c,Upgrade
190e556f,Upgrade
b541ad2a,New
97193cb1,New
d893936a,New
06989840,Upgrade
8c35c18c,New
6b66f124,New
77012faf,New
ab4bddff,
bbb2e1cc,Upgrade
ca639de5,Renewal
d07ca712,Upgrade
5d6a6db7,New
b3c7841a,Renewal
8a6abd99,New
54f3a81b,New
f84d8d5d,Renewal
c297f622,Renewal
1d4a56c5,New
b2d9f7d3,Upgrade
b1f36ebc,New
ffee100f,Renewal
f14967f8,New
29d82a15,New
20ad39ce,New
924e91a8,Upgrade
c2644277,New
da3e7bcb,Upgrade
bab1f165,Upgrade
766a460b,New
f807bb7c,Upgrade
15e47848,New
4fc10cd6,Renewal
045d70de,New
2a39eda3,Renewal
8b84744b,Upgrade
67902558,Upgrade
eda30826,New
fac658ad,Upgrade
df64021d,Upgrade
c9029156,New
1aacd93d,
8ab73cbc,New
5c58a3a0,Upgrade
d21a37d8,New
d5627571,Upgrade
51b1ee7b,New
7dd5e1a1,Upgrade
f3f6a30c,Upgrade
9052eab7,Upgrade
ba37b22c,New
32e5aa6b,Upgrade
547ed57d,New
1e0c1bf0,Upgrade
dcdfe9d0,Upgrade
bdfa35a6,Upgrade
797bdb71,New
a482e4e6,
3f5b77a5,New
d4ab34c2,Upgrade
1675d585,New
319148fe,Renewal
1ecaee10,Upgrade
5a98c125,Upgrade
b2a53c02,Renewal
13d10c39,Upgrade
81fc38e7,New
ac37db73,New
7ad2d6e1,
17897989,New
cb0054fd,New
2d01a785,Renewal
974d99b7,Upgrade
19c1ba52,Upgrade
ad38d23d,New
7168e0c7,
ea5df89a,Renewal
4bf7b2e8,Upgrade
51727e97,Renewal
6f11243e,Upgrade
dc4d20b9,New
f9cb55ed,Renewal
c2c04300,New
6a457300,New
85efdded,
3deede7a,Renewal
bf2a8384,Upgrade
3d077c38,Upgrade
cfd67f15,New
be3e568f,Renewal
caef2ef0,New
155a130a,Renewal
aa599bf1,New
4718c641,New
c51effd5,New
564f2338,Upgrade
73d5915a,Upgrade
b07864f3,New
e472b183,Upgrade
cc3587c2,Renewal
a963cc14,Renewal
64f4d9a3,Renewal
b1f72e2e,New
5506ca40,New
21b01348,Upgrade
87d17fa2,Upgrade
b3d8542a,Upgrade
3def2180,Upgrade
8576be0a,Upgrade
91caa99c,New
2cbd8908,Renewal
7dc1b640,Upgrade
dc8086fa,New
5d924223,Upgrade
43ad6312,Upgrade
6fd57ae0,New
390bd226,New
75698e1e,New
5138cd18,
6470c1e3,New
da1d58bf,New
4c5686c6,New
1b16dcba,Upgrade
4385017e,New
1a1fc196,Renewal
74fcd9ce,Upgrade
072010bd,Upgrade
3f8e2a5b,Renewal
477b7a02,Renewal
d3ec132d,
c46595c8,Upgrade
bd6e8119,New
c0a4f45d,New
f6541d45,Renewal
c6e0f3d6,Renewal
cf62999f,Upgrade
c4cad54b,Upgrade
6f295e5a,Renewal
e425cd3e,New
0a94c00d,New
b430b4b9,New
07143cd1,Upgrade
df3d042e,Upgrade
98aea062,Upgrade
acbadca8,New
5e8bc261,Renewal
853992b9,
a1464397,New
4a76d3b6,Upgrade
a9ece853,New
ed0d785d,Upgrade
ea68d3f4,Upgrade
9ada29ef,New
13b8f022,Renewal
398c5205,New
df237263,Upgrade
9d35d752,New
6d92c69a,New
a8f8ac16,
0a42cbb9,New
8b3bdbab,Upgrade
0779cc83,New
15984fca,Upgrade
5d808670,Upgrade
10097d8e,Renewal
6c6fa61e,New
492ca53f,New
407c8332,New
58f61e2b,New
6c444283,New
b0a541d7,New
b221d038,Upgrade
f41ef219,Upgrade
1bd131f0,New
5ff191c1,Upgrade
6b0be212,Renewal
72130211,Upgrade
1402728f,New
9997ff8f,Upgrade
d5ca544d,Upgrade
1c3a4a75,Renewal
a5081d52,Renewal
7dea7bd5,Renewal
59b81f12,Upgrade
1bbaf94c,Upgrade
4a81f4a7,New
0fbf1447,Upgrade
128eb10a,New
d3bf79af,New
0adf3103,New
2e8b5ce2,Renewal
f194e651,New
a3c0db1f,Upgrade
8515ec19,New
3d56392e,New
967c19e1,New
4040637c,Renewal
31255dca,Upgrade
819222da,New
398b2332,New
abb6a18c,
2a296d2a,Renewal
9766e989,New
00179305,Upgrade
274fbf2d,New
261c5be1,New
a67a7559,New
e8a26405,Renewal
54c120d8,Renewal
9e4e53c2,Upgrade
cc5eaa37,Upgrade
7804e7dd,Upgrade
904cb77c,Renewal
8c676578,New
b0663c97,Upgrade
64c74a22,Renewal
7610c067,
72218663,New
1a47573a,Upgrade
d08965e1,New
0dbf906b,
b8cd327a,New
e24f3c61,Upgrade
87e81401,Upgrade
afa78449,Upgrade
39508bd7,New
9a00f11a,Renewal
a7df6ac6,New
ee1843a6,New
55a58a65,New
dfb639c5,Renewal
0dd3ad5e,Renewal
824bd0f2,Renewal
1f32745e,Renewal
4f20181d,
41325379,New
0173d421,Upgrade
5431b323,Renewal
2eb82507,New
873bb920,New
c65bf0f3,
cf83813c,New
f091a194,Upgrade
996be53d,Renewal
c208d8c2,New
08cccbb8,New
04e843db,New
d8748959,New
465ed0a3,New
601305ec,
f3a36b8a,Upgrade
63ac169b,New
1f4bed93,New
0f1ed81e,Renewal
a45bcd0e,Renewal
6a5e9c14,New
050cb273,
491ac3e6,New
793b9512,New
0ac85299,New
fe7c53ce,Upgrade
136f8241,New
2f64e769,Upgrade
39b87153,Upgrade
38aec0e8,Renewal
dc704587,New
81b68202,New
c0ceffd2,Upgrade
5f737e15,Upgrade
b7547b2c,
893a951c,New
5ddc3a27,Upgrade
a2dd692b,New
f2895356,Upgrade
08fd6dfa,Renewal
05dc8d89,New
7a73fa98,Upgrade
228d14f8,
92ebaf29,Renewal
da5cba5e,Upgrade
5d768055,Renewal
005b6445,Renewal
d77c180f,New
5edaa2a8,New
ee2c23f5,Renewal
2b8e9c2e,New
fac28839,New
cfad33cc,New
bc46b082,Renewal
ec93bcb8,Upgrade
